depart_code;arrival_code;scheduled_hour;scheduled_arrival_hour;arrival_next_day;distance_km;Mon;Tue;Wed;Thu;Fri;Sat;Sun
HUB1;ZHVK;15;20;0;3664;1;0;0;0;0;0;0
ZHVK;HUB1;21;2;1;3664;1;0;0;0;0;0;0
HUB1;WPUE;11;17;0;4889;1;1;0;0;0;1;0
WPUE;HUB1;19;1;1;4889;1;1;0;0;0;1;0
HUB1;UIVJ;8;16;0;6154;1;1;1;0;1;0;1
UIVJ;HUB1;17;1;1;6154;1;1;1;0;1;0;1
HUB1;EEUQ;16;20;0;2871;1;1;1;0;1;0;1
EEUQ;HUB1;21;1;1;2871;1;1;1;0;1;0;1
HUB1;ZDQP;20;4;1;6764;1;1;1;0;1;0;1
ZDQP;HUB1;5;13;0;6764;1;1;1;0;1;0;1
HUB1;KLZQ;13;21;0;6551;0;1;1;0;1;1;0
KLZQ;HUB1;22;6;1;6551;0;1;1;0;1;1;0
HUB1;INFQ;14;20;0;4818;1;1;1;1;1;1;1
INFQ;HUB1;22;4;1;4818;1;1;1;1;1;1;1
HUB1;EIFH;22;0;1;1149;1;0;0;0;0;0;0
EIFH;HUB1;2;4;0;1149;1;0;0;0;0;0;0
HUB1;RRLB;5;8;0;2389;1;1;0;0;0;1;0
RRLB;HUB1;10;13;0;2389;1;1;0;0;0;1;0
HUB1;FQCG;18;22;0;3094;1;1;0;0;0;1;0
FQCG;HUB1;0;4;0;3094;1;1;0;0;0;1;0
HUB1;ADXK;8;11;0;1704;1;0;0;0;0;0;0
ADXK;HUB1;12;15;0;1704;1;0;0;0;0;0;0
HUB1;QQYX;11;14;0;2463;1;1;1;1;1;1;1
QQYX;HUB1;15;18;0;2463;1;1;1;1;1;1;1
HUB1;USEF;22;0;1;1050;0;1;1;0;1;1;0
USEF;HUB1;2;4;0;1050;0;1;1;0;1;1;0
HUB1;OFRR;17;22;0;3496;1;1;0;0;0;1;0
OFRR;HUB1;23;4;1;3496;1;1;0;0;0;1;0
HUB1;OKVO;9;16;0;5174;1;0;0;0;0;0;0
OKVO;HUB1;18;1;1;5174;1;0;0;0;0;0;0
HUB1;UTYD;10;18;0;6761;0;0;0;1;0;0;1
UTYD;HUB1;19;3;1;6761;0;0;0;1;0;0;1
HUB1;OGMA;18;22;0;2693;0;0;0;1;0;0;1
OGMA;HUB1;0;4;0;2693;0;0;0;1;0;0;1
HUB1;ZGVH;21;0;1;2110;0;1;1;0;1;1;0
ZGVH;HUB1;2;5;0;2110;0;1;1;0;1;1;0
HUB1;LYDC;11;13;0;1385;1;1;0;0;0;1;0
LYDC;HUB1;15;17;0;1385;1;1;0;0;0;1;0
HUB1;CJVM;21;5;1;6478;0;0;0;1;0;0;1
CJVM;HUB1;7;15;0;6478;0;0;0;1;0;0;1
HUB1;WCKH;22;23;0;815;1;1;1;0;1;0;1
WCKH;HUB1;0;1;0;815;1;1;1;0;1;0;1
HUB1;NMGU;6;13;0;5161;0;1;1;0;1;1;0
NMGU;HUB1;14;21;0;5161;0;1;1;0;1;1;0
HUB1;PEGV;8;11;0;2448;0;1;1;0;1;1;0
PEGV;HUB1;13;16;0;2448;0;1;1;0;1;1;0
HUB1;KUNB;10;14;0;2946;1;0;0;0;0;0;0
KUNB;HUB1;16;20;0;2946;1;0;0;0;0;0;0
HUB1;VVEV;7;10;0;1950;1;1;1;1;1;1;1
VVEV;HUB1;11;14;0;1950;1;1;1;1;1;1;1
HUB1;VXOT;9;13;0;3217;1;0;0;0;0;0;0
VXOT;HUB1;15;19;0;3217;1;0;0;0;0;0;0
HUB1;TEVN;1;6;0;4186;0;1;1;0;1;1;0
TEVN;HUB1;7;12;0;4186;0;1;1;0;1;1;0
HUB1;AKAW;13;20;0;5435;1;1;1;0;1;0;1
AKAW;HUB1;21;4;1;5435;1;1;1;0;1;0;1
HUB1;XPAL;17;0;1;5713;1;1;1;0;1;0;1
XPAL;HUB1;2;9;0;5713;1;1;1;0;1;0;1
HUB1;OCQQ;11;14;0;2077;0;0;0;1;0;0;1
OCQQ;HUB1;16;19;0;2077;0;0;0;1;0;0;1
HUB1;GEJJ;13;21;0;6030;0;1;1;0;1;1;0
GEJJ;HUB1;23;7;1;6030;0;1;1;0;1;1;0
HUB1;COQL;19;0;1;3556;1;1;1;0;1;0;1
COQL;HUB1;2;7;0;3556;1;1;1;0;1;0;1
HUB1;DGMM;21;2;1;3746;1;1;0;0;0;1;0
DGMM;HUB1;3;8;0;3746;1;1;0;0;0;1;0
HUB1;AESE;23;7;1;6629;0;0;0;1;0;0;1
AESE;HUB1;8;16;0;6629;0;0;0;1;0;0;1
HUB1;ZTWY;12;16;0;2707;0;1;1;0;1;1;0
ZTWY;HUB1;18;22;0;2707;0;1;1;0;1;1;0
HUB1;TLQJ;16;18;0;1576;1;1;1;1;1;1;1
TLQJ;HUB1;19;21;0;1576;1;1;1;1;1;1;1
HUB1;AEGV;11;17;0;4294;1;1;1;1;1;1;1
AEGV;HUB1;18;0;1;4294;1;1;1;1;1;1;1
HUB1;TKQI;6;9;0;1703;0;1;1;0;1;1;0
TKQI;HUB1;11;14;0;1703;0;1;1;0;1;1;0
HUB1;AEAN;6;14;0;6175;1;0;0;0;0;0;0
AEAN;HUB1;16;0;1;6175;1;0;0;0;0;0;0
HUB1;ZWXK;17;22;0;4010;0;1;1;0;1;1;0
ZWXK;HUB1;0;5;0;4010;0;1;1;0;1;1;0
HUB1;JWYZ;18;23;0;3482;1;0;0;0;0;0;0
JWYZ;HUB1;1;6;0;3482;1;0;0;0;0;0;0
HUB1;MZDU;16;18;0;1028;1;1;1;0;1;0;1
MZDU;HUB1;19;21;0;1028;1;1;1;0;1;0;1
HUB1;JFCW;10;17;0;5175;1;1;0;0;0;1;0
JFCW;HUB1;19;2;1;5175;1;1;0;0;0;1;0
HUB1;HJPR;1;7;0;4914;0;1;1;0;1;1;0
HJPR;HUB1;8;14;0;4914;0;1;1;0;1;1;0
HUB1;VWLL;11;15;0;3281;1;1;0;0;0;1;0
VWLL;HUB1;16;20;0;3281;1;1;0;0;0;1;0
HUB1;XYWK;20;2;1;4595;0;0;0;1;0;0;1
XYWK;HUB1;3;9;0;4595;0;0;0;1;0;0;1
HUB1;QWNX;4;9;0;3456;0;0;0;1;0;0;1
QWNX;HUB1;11;16;0;3456;0;0;0;1;0;0;1
HUB1;NSCL;8;16;0;6270;0;1;1;0;1;1;0
NSCL;HUB1;18;2;1;6270;0;1;1;0;1;1;0
HUB1;GXHG;5;13;0;6534;1;1;1;1;1;1;1
GXHG;HUB1;15;23;0;6534;1;1;1;1;1;1;1
HUB1;SANT;9;16;0;5930;0;1;1;0;1;1;0
SANT;HUB1;18;1;1;5930;0;1;1;0;1;1;0
HUB1;EUEC;7;14;0;5580;1;1;1;1;1;1;1
EUEC;HUB1;15;22;0;5580;1;1;1;1;1;1;1
HUB1;ATYF;12;15;0;2117;1;0;0;0;0;0;0
ATYF;HUB1;17;20;0;2117;1;0;0;0;0;0;0
HUB1;LZLB;23;2;1;2397;1;1;1;1;1;1;1
LZLB;HUB1;4;7;0;2397;1;1;1;1;1;1;1
HUB1;EBQM;18;3;1;6890;0;0;0;1;0;0;1
EBQM;HUB1;5;14;0;6890;0;0;0;1;0;0;1
HUB1;NGSN;5;9;0;2857;1;0;0;0;0;0;0
NGSN;HUB1;11;15;0;2857;1;0;0;0;0;0;0
HUB1;XGJQ;20;23;0;2131;1;1;1;1;1;1;1
XGJQ;HUB1;1;4;0;2131;1;1;1;1;1;1;1
HUB1;MWVR;0;5;0;3771;0;0;0;1;0;0;1
MWVR;HUB1;7;12;0;3771;0;0;0;1;0;0;1
HUB1;LZJN;11;18;0;5602;0;0;0;1;0;0;1
LZJN;HUB1;19;2;1;5602;0;0;0;1;0;0;1
HUB1;FMNF;16;19;0;1751;1;1;1;0;1;0;1
FMNF;HUB1;21;0;1;1751;1;1;1;0;1;0;1
HUB1;BYDH;15;18;0;2078;1;1;0;0;0;1;0
BYDH;HUB1;20;23;0;2078;1;1;0;0;0;1;0
HUB1;JQQS;21;23;0;1575;1;1;0;0;0;1;0
JQQS;HUB1;0;2;0;1575;1;1;0;0;0;1;0
HUB1;ZJDI;16;0;1;6243;1;1;1;0;1;0;1
ZJDI;HUB1;2;10;0;6243;1;1;1;0;1;0;1
HUB1;XPOT;10;16;0;4522;0;1;1;0;1;1;0
XPOT;HUB1;18;0;1;4522;0;1;1;0;1;1;0
HUB1;IVHE;13;20;0;5748;1;1;1;0;1;0;1
IVHE;HUB1;21;4;1;5748;1;1;1;0;1;0;1
HUB1;LQSW;17;2;1;6851;0;1;1;0;1;1;0
LQSW;HUB1;4;13;0;6851;0;1;1;0;1;1;0
HUB1;RIIZ;4;10;0;4768;0;0;0;1;0;0;1
RIIZ;HUB1;11;17;0;4768;0;0;0;1;0;0;1
HUB1;ETLI;22;3;1;3643;1;1;1;1;1;1;1
ETLI;HUB1;5;10;0;3643;1;1;1;1;1;1;1
HUB1;IMAQ;16;19;0;2163;1;1;0;0;0;1;0
IMAQ;HUB1;20;23;0;2163;1;1;0;0;0;1;0
HUB1;ILTW;4;11;0;5587;1;1;1;1;1;1;1
ILTW;HUB1;13;20;0;5587;1;1;1;1;1;1;1
HUB1;ABWR;6;10;0;3217;1;1;0;0;0;1;0
ABWR;HUB1;11;15;0;3217;1;1;0;0;0;1;0
HUB1;OCOZ;23;3;1;3248;1;1;1;0;1;0;1
OCOZ;HUB1;5;9;0;3248;1;1;1;0;1;0;1
HUB1;LGZL;19;23;0;2863;1;0;0;0;0;0;0
LGZL;HUB1;1;5;0;2863;1;0;0;0;0;0;0
HUB1;POIH;5;7;0;876;1;1;0;0;0;1;0
POIH;HUB1;8;10;0;876;1;1;0;0;0;1;0
HUB1;PWLW;7;15;0;6267;1;1;0;0;0;1;0
PWLW;HUB1;17;1;1;6267;1;1;0;0;0;1;0
HUB1;GKCD;11;19;0;6738;1;1;0;0;0;1;0
GKCD;HUB1;21;5;1;6738;1;1;0;0;0;1;0
HUB1;IITZ;12;15;0;1725;1;1;0;0;0;1;0
IITZ;HUB1;16;19;0;1725;1;1;0;0;0;1;0
HUB1;ATAV;11;17;0;4520;0;0;0;1;0;0;1
ATAV;HUB1;18;0;1;4520;0;0;0;1;0;0;1
HUB1;PBUN;13;20;0;5246;1;1;0;0;0;1;0
PBUN;HUB1;22;5;1;5246;1;1;0;0;0;1;0
HUB1;ELUD;13;17;0;2675;1;0;0;0;0;0;0
ELUD;HUB1;18;22;0;2675;1;0;0;0;0;0;0
HUB1;UWXR;19;3;1;6155;0;0;0;1;0;0;1
UWXR;HUB1;5;13;0;6155;0;0;0;1;0;0;1
HUB1;XPTP;22;7;1;6846;0;0;0;1;0;0;1
XPTP;HUB1;8;17;0;6846;0;0;0;1;0;0;1
HUB1;ELGK;4;8;0;3113;1;1;1;1;1;1;1
ELGK;HUB1;9;13;0;3113;1;1;1;1;1;1;1
HUB1;GCHL;18;23;0;3617;1;1;1;1;1;1;1
GCHL;HUB1;1;6;0;3617;1;1;1;1;1;1;1
HUB1;QUWU;4;9;0;3474;0;1;1;0;1;1;0
QUWU;HUB1;10;15;0;3474;0;1;1;0;1;1;0
HUB1;MRIG;6;14;0;6258;1;1;0;0;0;1;0
MRIG;HUB1;16;0;1;6258;1;1;0;0;0;1;0
HUB1;CTKN;18;21;0;2040;1;0;0;0;0;0;0
CTKN;HUB1;23;2;1;2040;1;0;0;0;0;0;0
HUB1;EBYA;6;14;0;6670;1;1;1;0;1;0;1
EBYA;HUB1;15;23;0;6670;1;1;1;0;1;0;1
HUB1;ANFP;4;12;0;6401;1;0;0;0;0;0;0
ANFP;HUB1;13;21;0;6401;1;0;0;0;0;0;0
HUB1;UDXI;13;19;0;4334;1;1;0;0;0;1;0
UDXI;HUB1;21;3;1;4334;1;1;0;0;0;1;0
HUB1;YCDO;18;22;0;3347;1;1;1;0;1;0;1
YCDO;HUB1;0;4;0;3347;1;1;1;0;1;0;1
HUB1;PIGM;8;14;0;5026;1;0;0;0;0;0;0
PIGM;HUB1;15;21;0;5026;1;0;0;0;0;0;0
HUB1;CLLM;21;3;1;5096;1;1;1;1;1;1;1
CLLM;HUB1;5;11;0;5096;1;1;1;1;1;1;1
HUB1;HIHT;10;13;0;1984;1;0;0;0;0;0;0
HIHT;HUB1;14;17;0;1984;1;0;0;0;0;0;0
HUB1;ZBKQ;8;10;0;1241;1;1;1;0;1;0;1
ZBKQ;HUB1;12;14;0;1241;1;1;1;0;1;0;1
HUB1;RJZH;12;20;0;6386;1;1;0;0;0;1;0
RJZH;HUB1;22;6;1;6386;1;1;0;0;0;1;0
HUB1;MYTG;7;15;0;6368;0;0;0;1;0;0;1
MYTG;HUB1;16;0;1;6368;0;0;0;1;0;0;1
HUB1;AVUY;13;17;0;3209;0;1;1;0;1;1;0
AVUY;HUB1;18;22;0;3209;0;1;1;0;1;1;0
HUB1;FDVP;22;23;0;818;0;0;0;1;0;0;1
FDVP;HUB1;1;2;0;818;0;0;0;1;0;0;1
HUB1;SCIA;7;15;0;6132;1;0;0;0;0;0;0
SCIA;HUB1;16;0;1;6132;1;0;0;0;0;0;0
HUB1;YNQC;22;0;1;1279;1;1;1;1;1;1;1
YNQC;HUB1;1;3;0;1279;1;1;1;1;1;1;1
HUB1;OEXV;11;16;0;3782;1;1;1;0;1;0;1
OEXV;HUB1;18;23;0;3782;1;1;1;0;1;0;1
HUB1;OJFQ;8;15;0;5189;0;0;0;1;0;0;1
OJFQ;HUB1;17;0;1;5189;0;0;0;1;0;0;1
HUB1;QJEI;14;19;0;4161;0;1;1;0;1;1;0
QJEI;HUB1;20;1;1;4161;0;1;1;0;1;1;0
HUB1;VAPJ;19;3;1;6549;1;1;1;1;1;1;1
VAPJ;HUB1;5;13;0;6549;1;1;1;1;1;1;1
HUB1;SWCP;17;21;0;3264;1;1;1;0;1;0;1
SWCP;HUB1;23;3;1;3264;1;1;1;0;1;0;1
HUB1;OTII;11;13;0;1489;0;1;1;0;1;1;0
OTII;HUB1;15;17;0;1489;0;1;1;0;1;1;0
HUB1;HVIR;21;1;1;2613;1;0;0;0;0;0;0
HVIR;HUB1;2;6;0;2613;1;0;0;0;0;0;0
HUB1;LYCB;22;4;1;4518;1;1;1;0;1;0;1
LYCB;HUB1;5;11;0;4518;1;1;1;0;1;0;1
HUB1;MSFJ;20;3;1;5477;0;0;0;1;0;0;1
MSFJ;HUB1;4;11;0;5477;0;0;0;1;0;0;1
HUB1;KLOO;7;13;0;4973;1;1;1;0;1;0;1
KLOO;HUB1;14;20;0;4973;1;1;1;0;1;0;1
HUB1;VEGZ;18;20;0;1181;0;0;0;1;0;0;1
VEGZ;HUB1;21;23;0;1181;0;0;0;1;0;0;1
HUB1;PAJF;21;4;1;5513;1;1;1;1;1;1;1
PAJF;HUB1;6;13;0;5513;1;1;1;1;1;1;1
HUB1;CWHC;16;18;0;1599;1;1;0;0;0;1;0
CWHC;HUB1;20;22;0;1599;1;1;0;0;0;1;0
HUB1;HVYO;17;20;0;1999;1;1;1;0;1;0;1
HVYO;HUB1;22;1;1;1999;1;1;1;0;1;0;1
HUB1;WRAY;10;14;0;3171;1;1;1;1;1;1;1
WRAY;HUB1;15;19;0;3171;1;1;1;1;1;1;1
HUB1;WWPG;16;23;0;5804;1;1;1;1;1;1;1
WWPG;HUB1;0;7;0;5804;1;1;1;1;1;1;1
HUB1;SCTT;8;11;0;2151;1;1;1;1;1;1;1
SCTT;HUB1;12;15;0;2151;1;1;1;1;1;1;1
HUB1;ERNI;20;3;1;5185;1;1;1;1;1;1;1
ERNI;HUB1;5;12;0;5185;1;1;1;1;1;1;1
HUB1;UYGT;18;1;1;5860;1;1;1;1;1;1;1
UYGT;HUB1;2;9;0;5860;1;1;1;1;1;1;1
HUB1;XKQY;15;19;0;2816;0;1;1;0;1;1;0
XKQY;HUB1;20;0;1;2816;0;1;1;0;1;1;0
HUB1;IKVT;17;19;0;1544;1;1;1;0;1;0;1
IKVT;HUB1;21;23;0;1544;1;1;1;0;1;0;1
HUB1;ALOK;18;22;0;3181;1;1;1;0;1;0;1
ALOK;HUB1;23;3;1;3181;1;1;1;0;1;0;1
HUB1;KRPW;1;5;0;3068;0;1;1;0;1;1;0
KRPW;HUB1;6;10;0;3068;0;1;1;0;1;1;0
HUB1;FESI;14;22;0;6296;1;0;0;0;0;0;0
FESI;HUB1;23;7;1;6296;1;0;0;0;0;0;0
HUB1;FDFW;9;13;0;2817;0;1;1;0;1;1;0
FDFW;HUB1;15;19;0;2817;0;1;1;0;1;1;0
HUB1;MSKP;7;13;0;4533;1;1;1;1;1;1;1
MSKP;HUB1;14;20;0;4533;1;1;1;1;1;1;1
HUB1;RXUW;8;11;0;1779;0;0;0;1;0;0;1
RXUW;HUB1;13;16;0;1779;0;0;0;1;0;0;1
HUB1;QFWG;7;15;0;6654;0;0;0;1;0;0;1
QFWG;HUB1;16;0;1;6654;0;0;0;1;0;0;1
HUB1;NTDB;15;21;0;4405;0;1;1;0;1;1;0
NTDB;HUB1;23;5;1;4405;0;1;1;0;1;1;0
HUB1;HHTP;8;14;0;4985;1;0;0;0;0;0;0
HHTP;HUB1;16;22;0;4985;1;0;0;0;0;0;0
HUB1;GQMP;19;20;0;824;1;1;1;1;1;1;1
GQMP;HUB1;21;22;0;824;1;1;1;1;1;1;1
HUB1;RBDJ;5;13;0;6265;1;1;1;0;1;0;1
RBDJ;HUB1;15;23;0;6265;1;1;1;0;1;0;1
HUB1;PYVC;13;16;0;1763;1;1;0;0;0;1;0
PYVC;HUB1;18;21;0;1763;1;1;0;0;0;1;0
HUB1;OOKR;12;19;0;5706;0;1;1;0;1;1;0
OOKR;HUB1;21;4;1;5706;0;1;1;0;1;1;0
HUB1;VCYF;17;19;0;1342;1;1;1;0;1;0;1
VCYF;HUB1;20;22;0;1342;1;1;1;0;1;0;1
HUB1;KRCW;17;21;0;2853;0;0;0;1;0;0;1
KRCW;HUB1;22;2;1;2853;0;0;0;1;0;0;1
HUB1;TROX;18;22;0;3160;0;0;0;1;0;0;1
TROX;HUB1;0;4;0;3160;0;0;0;1;0;0;1
HUB1;MDOE;23;7;1;6251;1;0;0;0;0;0;0
MDOE;HUB1;8;16;0;6251;1;0;0;0;0;0;0
HUB1;IYXF;1;6;0;3859;0;1;1;0;1;1;0
IYXF;HUB1;8;13;0;3859;0;1;1;0;1;1;0
HUB1;OONX;8;14;0;5046;1;1;1;0;1;0;1
OONX;HUB1;15;21;0;5046;1;1;1;0;1;0;1
HUB1;FSWN;4;12;0;6044;1;1;1;1;1;1;1
FSWN;HUB1;14;22;0;6044;1;1;1;1;1;1;1
HUB1;RTSU;10;13;0;1744;1;1;0;0;0;1;0
RTSU;HUB1;14;17;0;1744;1;1;0;0;0;1;0
HUB1;FEHM;15;19;0;2560;1;1;1;1;1;1;1
FEHM;HUB1;20;0;1;2560;1;1;1;1;1;1;1
HUB1;KPCB;13;16;0;2022;1;1;1;1;1;1;1
KPCB;HUB1;17;20;0;2022;1;1;1;1;1;1;1
HUB1;EGLJ;5;11;0;4474;1;1;0;0;0;1;0
EGLJ;HUB1;13;19;0;4474;1;1;0;0;0;1;0
HUB1;QPLO;6;11;0;4002;1;1;1;1;1;1;1
QPLO;HUB1;12;17;0;4002;1;1;1;1;1;1;1
HUB1;MSZK;9;11;0;951;1;1;0;0;0;1;0
MSZK;HUB1;12;14;0;951;1;1;0;0;0;1;0
HUB1;CPAT;13;18;0;3454;1;1;1;0;1;0;1
CPAT;HUB1;19;0;1;3454;1;1;1;0;1;0;1
HUB1;CFHZ;1;4;0;1907;0;0;0;1;0;0;1
CFHZ;HUB1;5;8;0;1907;0;0;0;1;0;0;1
HUB1;DPRM;22;5;1;5207;0;0;0;1;0;0;1
DPRM;HUB1;7;14;0;5207;0;0;0;1;0;0;1
HUB1;WTGV;23;6;1;5654;0;1;1;0;1;1;0
WTGV;HUB1;8;15;0;5654;0;1;1;0;1;1;0
HUB1;PJLP;12;19;0;5302;1;0;0;0;0;0;0
PJLP;HUB1;21;4;1;5302;1;0;0;0;0;0;0
HUB1;ROCB;14;22;0;6767;0;1;1;0;1;1;0
ROCB;HUB1;23;7;1;6767;0;1;1;0;1;1;0
HUB1;NKTP;22;0;1;1643;1;0;0;0;0;0;0
NKTP;HUB1;2;4;0;1643;1;0;0;0;0;0;0
HUB1;DYKR;11;14;0;2145;1;1;1;1;1;1;1
DYKR;HUB1;15;18;0;2145;1;1;1;1;1;1;1
HUB1;NVKF;21;2;1;3838;0;1;1;0;1;1;0
NVKF;HUB1;3;8;0;3838;0;1;1;0;1;1;0
HUB1;NUQO;15;23;0;6296;1;1;1;0;1;0;1
NUQO;HUB1;1;9;0;6296;1;1;1;0;1;0;1
HUB1;LEJP;13;20;0;5640;0;1;1;0;1;1;0
LEJP;HUB1;21;4;1;5640;0;1;1;0;1;1;0
HUB1;YCCY;11;17;0;4865;1;1;1;0;1;0;1
YCCY;HUB1;19;1;1;4865;1;1;1;0;1;0;1
HUB1;DHXR;22;0;1;1691;1;1;1;1;1;1;1
DHXR;HUB1;2;4;0;1691;1;1;1;1;1;1;1
HUB1;ZHVK;9;12;0;2332;0;0;0;1;0;0;1
ZHVK;HUB1;13;16;0;2332;0;0;0;1;0;0;1
HUB1;WPUE;18;1;1;5274;1;1;1;0;1;0;1
WPUE;HUB1;2;9;0;5274;1;1;1;0;1;0;1
HUB1;UIVJ;1;3;0;898;0;1;1;0;1;1;0
UIVJ;HUB1;5;7;0;898;0;1;1;0;1;1;0
HUB1;EEUQ;17;20;0;1939;0;0;0;1;0;0;1
EEUQ;HUB1;22;1;1;1939;0;0;0;1;0;0;1
HUB1;ZDQP;10;16;0;4582;1;0;0;0;0;0;0
ZDQP;HUB1;17;23;0;4582;1;0;0;0;0;0;0
HUB1;KLZQ;4;6;0;1698;0;0;0;1;0;0;1
KLZQ;HUB1;8;10;0;1698;0;0;0;1;0;0;1
HUB1;INFQ;20;2;1;4908;0;1;1;0;1;1;0
INFQ;HUB1;3;9;0;4908;0;1;1;0;1;1;0
HUB1;EIFH;14;22;0;6429;0;1;1;0;1;1;0
EIFH;HUB1;23;7;1;6429;0;1;1;0;1;1;0
HUB1;RRLB;8;11;0;2237;1;1;1;1;1;1;1
RRLB;HUB1;13;16;0;2237;1;1;1;1;1;1;1
HUB1;FQCG;16;17;0;841;1;1;0;0;0;1;0
FQCG;HUB1;18;19;0;841;1;1;0;0;0;1;0
HUB1;ADXK;7;13;0;4709;1;1;1;0;1;0;1
ADXK;HUB1;14;20;0;4709;1;1;1;0;1;0;1
HUB1;QQYX;16;21;0;3994;1;1;1;1;1;1;1
QQYX;HUB1;23;4;1;3994;1;1;1;1;1;1;1
HUB1;USEF;18;1;1;5500;1;1;1;1;1;1;1
USEF;HUB1;3;10;0;5500;1;1;1;1;1;1;1
HUB1;OFRR;7;14;0;5670;1;1;1;0;1;0;1
OFRR;HUB1;16;23;0;5670;1;1;1;0;1;0;1
HUB1;OKVO;17;19;0;1144;0;1;1;0;1;1;0
OKVO;HUB1;21;23;0;1144;0;1;1;0;1;1;0
HUB1;UTYD;4;8;0;3132;0;1;1;0;1;1;0
UTYD;HUB1;9;13;0;3132;0;1;1;0;1;1;0
HUB1;OGMA;9;16;0;5436;0;0;0;1;0;0;1
OGMA;HUB1;17;0;1;5436;0;0;0;1;0;0;1
HUB1;ZGVH;20;0;1;3397;1;1;1;0;1;0;1
ZGVH;HUB1;1;5;0;3397;1;1;1;0;1;0;1
HUB1;LYDC;20;0;1;3011;0;0;0;1;0;0;1
LYDC;HUB1;1;5;0;3011;0;0;0;1;0;0;1
HUB1;CJVM;13;20;0;5643;0;0;0;1;0;0;1
CJVM;HUB1;21;4;1;5643;0;0;0;1;0;0;1
HUB1;WCKH;7;12;0;4172;1;1;0;0;0;1;0
WCKH;HUB1;14;19;0;4172;1;1;0;0;0;1;0
HUB1;NMGU;16;21;0;3574;1;1;0;0;0;1;0
NMGU;HUB1;22;3;1;3574;1;1;0;0;0;1;0
HUB1;PEGV;18;20;0;1457;0;1;1;0;1;1;0
PEGV;HUB1;22;0;1;1457;0;1;1;0;1;1;0
HUB1;KUNB;8;12;0;2616;0;0;0;1;0;0;1
KUNB;HUB1;14;18;0;2616;0;0;0;1;0;0;1
HUB1;VVEV;21;5;1;6551;1;1;1;1;1;1;1
VVEV;HUB1;6;14;0;6551;1;1;1;1;1;1;1
HUB1;VXOT;6;12;0;4991;1;1;0;0;0;1;0
VXOT;HUB1;14;20;0;4991;1;1;0;0;0;1;0
HUB1;TEVN;14;18;0;2755;1;1;0;0;0;1;0
TEVN;HUB1;20;0;1;2755;1;1;0;0;0;1;0
HUB1;AKAW;3;6;0;2075;0;0;0;1;0;0;1
AKAW;HUB1;7;10;0;2075;0;0;0;1;0;0;1
HUB1;XPAL;4;10;0;5000;1;0;0;0;0;0;0
XPAL;HUB1;11;17;0;5000;1;0;0;0;0;0;0
HUB1;OCQQ;17;22;0;3564;1;0;0;0;0;0;0
OCQQ;HUB1;23;4;1;3564;1;0;0;0;0;0;0
HUB1;GEJJ;18;20;0;1324;1;1;0;0;0;1;0
GEJJ;HUB1;22;0;1;1324;1;1;0;0;0;1;0
HUB1;COQL;20;0;1;2927;1;1;0;0;0;1;0
COQL;HUB1;2;6;0;2927;1;1;0;0;0;1;0
HUB1;DGMM;10;16;0;4468;0;0;0;1;0;0;1
DGMM;HUB1;18;0;1;4468;0;0;0;1;0;0;1
HUB1;AESE;20;0;1;3066;0;0;0;1;0;0;1
AESE;HUB1;2;6;0;3066;0;0;0;1;0;0;1
HUB1;ZTWY;6;12;0;4595;1;1;0;0;0;1;0
ZTWY;HUB1;13;19;0;4595;1;1;0;0;0;1;0
HUB1;TLQJ;12;15;0;1912;0;1;1;0;1;1;0
TLQJ;HUB1;17;20;0;1912;0;1;1;0;1;1;0
HUB1;AEGV;13;21;0;6307;1;0;0;0;0;0;0
AEGV;HUB1;22;6;1;6307;1;0;0;0;0;0;0
HUB1;TKQI;10;18;0;5964;1;1;1;1;1;1;1
TKQI;HUB1;20;4;1;5964;1;1;1;1;1;1;1
HUB1;AEAN;4;6;0;858;0;1;1;0;1;1;0
AEAN;HUB1;7;9;0;858;0;1;1;0;1;1;0
HUB1;ZWXK;7;16;0;6981;1;1;1;1;1;1;1
ZWXK;HUB1;17;2;1;6981;1;1;1;1;1;1;1
HUB1;JWYZ;17;1;1;6747;1;1;0;0;0;1;0
JWYZ;HUB1;2;10;0;6747;1;1;0;0;0;1;0
HUB1;MZDU;14;19;0;4221;1;1;1;1;1;1;1
MZDU;HUB1;20;1;1;4221;1;1;1;1;1;1;1
HUB1;JFCW;9;14;0;3706;1;0;0;0;0;0;0
JFCW;HUB1;16;21;0;3706;1;0;0;0;0;0;0
HUB1;HJPR;10;16;0;4387;1;0;0;0;0;0;0
HJPR;HUB1;18;0;1;4387;1;0;0;0;0;0;0
HUB1;VWLL;12;20;0;6298;0;0;0;1;0;0;1
VWLL;HUB1;21;5;1;6298;0;0;0;1;0;0;1
HUB1;XYWK;19;3;1;6044;1;1;0;0;0;1;0
XYWK;HUB1;4;12;0;6044;1;1;0;0;0;1;0
HUB1;QWNX;11;15;0;3371;0;0;0;1;0;0;1
QWNX;HUB1;16;20;0;3371;0;0;0;1;0;0;1
HUB1;NSCL;21;4;1;5370;0;1;1;0;1;1;0
NSCL;HUB1;5;12;0;5370;0;1;1;0;1;1;0
HUB1;GXHG;17;2;1;6872;1;0;0;0;0;0;0
GXHG;HUB1;4;13;0;6872;1;0;0;0;0;0;0
HUB1;SANT;23;7;1;6458;0;1;1;0;1;1;0
SANT;HUB1;8;16;0;6458;0;1;1;0;1;1;0
HUB1;EUEC;21;0;1;2498;1;0;0;0;0;0;0
EUEC;HUB1;1;4;0;2498;1;0;0;0;0;0;0
HUB1;ATYF;5;8;0;1991;1;0;0;0;0;0;0
ATYF;HUB1;10;13;0;1991;1;0;0;0;0;0;0
HUB1;LZLB;6;8;0;1456;1;1;1;0;1;0;1
LZLB;HUB1;10;12;0;1456;1;1;1;0;1;0;1
HUB1;EBQM;10;13;0;1983;1;0;0;0;0;0;0
EBQM;HUB1;14;17;0;1983;1;0;0;0;0;0;0
HUB1;NGSN;10;15;0;3809;1;1;1;0;1;0;1
NGSN;HUB1;17;22;0;3809;1;1;1;0;1;0;1
HUB1;XGJQ;17;19;0;1640;1;1;1;0;1;0;1
XGJQ;HUB1;21;23;0;1640;1;1;1;0;1;0;1
HUB1;MWVR;17;1;1;6122;1;1;1;1;1;1;1
MWVR;HUB1;3;11;0;6122;1;1;1;1;1;1;1
HUB1;LZJN;11;18;0;5665;0;0;0;1;0;0;1
LZJN;HUB1;20;3;1;5665;0;0;0;1;0;0;1
HUB1;FMNF;21;4;1;5200;1;1;1;1;1;1;1
FMNF;HUB1;5;12;0;5200;1;1;1;1;1;1;1
HUB1;BYDH;20;2;1;4311;1;1;1;1;1;1;1
BYDH;HUB1;4;10;0;4311;1;1;1;1;1;1;1
HUB1;JQQS;23;5;1;4389;1;1;0;0;0;1;0
JQQS;HUB1;7;13;0;4389;1;1;0;0;0;1;0
HUB1;ZJDI;9;16;0;5907;0;0;0;1;0;0;1
ZJDI;HUB1;17;0;1;5907;0;0;0;1;0;0;1
HUB1;XPOT;14;17;0;2255;1;1;1;1;1;1;1
XPOT;HUB1;19;22;0;2255;1;1;1;1;1;1;1
HUB1;IVHE;8;13;0;4075;1;1;1;0;1;0;1
